<?xml version="1.0" encoding="UTF-8"?><tns:Spaces xmlns:tns="https://www.starexec.org/starexec/public/batchSpaceSchema.xsd" xmlns:xsi="http://www.w3.org/2001/XMLSchema-instance" xsi:schemaLocation="https://www.starexec.org/starexec/public/batchSpaceSchema.xsd batchSpaceSchema.xsd">
<Space id="1" name="container">
<Space id="1" name="SRS_Cycle">
<Space id="1" name="Wenzel_16">
<Benchmark id="3374842" name="baba-abaaabab.srs.xml"/>
<Benchmark id="3374843" name="baba-abaaaabab.srs.xml"/>
<Benchmark id="3374844" name="abaaba-aababaab.srs.xml"/>
<Benchmark id="3374845" name="ababba-aabbabab.srs.xml"/>
<Benchmark id="3374846" name="baba-abaaaaabab.srs.xml"/>
<Benchmark id="3374847" name="abaaba-aabababaab.srs.xml"/>
<Benchmark id="3374848" name="ababba-aabbababab.srs.xml"/>
<Benchmark id="3374849" name="ababba-abaabbabab.srs.xml"/>
<Benchmark id="3374850" name="bababa-abaaababab.srs.xml"/>
<Benchmark id="3374851" name="ababbab-abbababba.srs.xml"/>
<Benchmark id="3374852" name="baaba-aabaaabaab.srs.xml"/>
<Benchmark id="3374853" name="baaba-abaaaabaab.srs.xml"/>
<Benchmark id="3374854" name="baabba-aabbaaabb.srs.xml"/>
</Space>
</Space>
<Space id="1" name="SRS_Standard">
<Space id="1" name="Wenzel_16">
<Benchmark id="3374616" name="baabbaabaab-aabbaabaabbaab.srs.xml"/>
<Benchmark id="3374617" name="babaaaaaa-aaaaaababbaba.srs.xml"/>
<Benchmark id="3374618" name="abaaaaaaa-aaaaaaaababab.srs.xml"/>
<Benchmark id="3374619" name="abaaaaa-aaaaaababaabab.srs.xml"/>
<Benchmark id="3374620" name="abaababababa-aabababababaab.srs.xml"/>
<Benchmark id="3374621" name="acbabacba-abacbacbabac.srs.xml"/>
<Benchmark id="3374622" name="ababaababa-abaabababaab.srs.xml"/>
<Benchmark id="3374623" name="bababaaab-aabaaabababab.srs.xml"/>
<Benchmark id="3374624" name="aabaaabaab-abaaabaabaaab.srs.xml"/>
<Benchmark id="3374625" name="bcbaaaaaaa-aaaaaaaabcbbcb.srs.xml"/>
<Benchmark id="3374626" name="aabaaaaaa-aaaaaaaabaaaab.srs.xml"/>
<Benchmark id="3374627" name="abbaaba-abaabbaab.srs.xml"/>
<Benchmark id="3374628" name="baababaaab-ababaaababaab.srs.xml"/>
<Benchmark id="3374629" name="abaaababaab-abaababaaababa.srs.xml"/>
<Benchmark id="3374630" name="aabaabaaaaa-aaaaaaabaabaab.srs.xml"/>
<Benchmark id="3374631" name="abacaaaa-aaaaabacaabac.srs.xml"/>
<Benchmark id="3374632" name="abccaaaaa-aaaaaabccabcc.srs.xml"/>
<Benchmark id="3374633" name="aaabaaaa-aaaaaaabaaab.srs.xml"/>
<Benchmark id="3374634" name="abbaaaa-aaaaabbaabb.srs.xml"/>
<Benchmark id="3374635" name="abcbaaaaa-aaaaaabcbaabcb.srs.xml"/>
<Benchmark id="3374636" name="abaababa-aababababaab.srs.xml"/>
<Benchmark id="3374637" name="abaaaaaa-aaaaaaabaaaab.srs.xml"/>
<Benchmark id="3374638" name="abbaaaaaaa-aaaaaaaabbabb.srs.xml"/>
<Benchmark id="3374639" name="abaaaaa-aaaaaababab.srs.xml"/>
<Benchmark id="3374640" name="abababbabab-ababbabababba.srs.xml"/>
<Benchmark id="3374641" name="abcbaaaaa-aaaaaabcbabcb.srs.xml"/>
<Benchmark id="3374642" name="abacaaaaa-aaaaaabacabac.srs.xml"/>
<Benchmark id="3374643" name="aabbaabbaaba-aabaabbaabbaab.srs.xml"/>
<Benchmark id="3374644" name="aaabbaaaa-aaaaaaabbaaabb.srs.xml"/>
<Benchmark id="3374645" name="aabaaaa-aaaaaabaaab.srs.xml"/>
<Benchmark id="3374646" name="abbbaaaaa-aaaaaabbbabbb.srs.xml"/>
<Benchmark id="3374647" name="abababaaaaa-aaaaaabababab.srs.xml"/>
<Benchmark id="3374648" name="abaababaab-aababaabaabab.srs.xml"/>
<Benchmark id="3374649" name="ababaaba-abaababababaab.srs.xml"/>
<Benchmark id="3374650" name="abaaaaaa-aaaaaaababaaab.srs.xml"/>
<Benchmark id="3374651" name="abaaaaaaa-aaaaaaaabaabab.srs.xml"/>
<Benchmark id="3374652" name="ababaabaaba-aabaabaababab.srs.xml"/>
<Benchmark id="3374653" name="aabaaaaaaa-aaaaaaaaabaab.srs.xml"/>
<Benchmark id="3374654" name="abaaaa-aaaaabaaabaab.srs.xml"/>
<Benchmark id="3374655" name="ababbababab-abbababababba.srs.xml"/>
<Benchmark id="3374656" name="aabababab-ababababaaaaab.srs.xml"/>
<Benchmark id="3374657" name="abacaaaa-aaaaabacaaabac.srs.xml"/>
<Benchmark id="3374658" name="abaaaaaaa-aaaaaaaaababab.srs.xml"/>
<Benchmark id="3374659" name="baabbaab-aabbaabaabb.srs.xml"/>
<Benchmark id="3374660" name="abaaaaabaa-aaaaababaaaaab.srs.xml"/>
<Benchmark id="3374661" name="abababaababa-ababaabababaab.srs.xml"/>
<Benchmark id="3374662" name="bcbaaaaaa-aaaaaabcbbcba.srs.xml"/>
<Benchmark id="3374663" name="babaaaaaaa-aaaaaaaababbab.srs.xml"/>
<Benchmark id="3374664" name="abaaaaa-aaaaaaabababab.srs.xml"/>
<Benchmark id="3374665" name="abccaaaaa-aaaaaabccaabcc.srs.xml"/>
<Benchmark id="3374666" name="aabaabaaaa-aaaaaabaabaab.srs.xml"/>
<Benchmark id="3374667" name="abaaaa-aaaaabaababab.srs.xml"/>
<Benchmark id="3374668" name="bcbaaaaaa-aaaaaaabcbbcb.srs.xml"/>
<Benchmark id="3374669" name="abccaaaa-aaaaabccaabcc.srs.xml"/>
<Benchmark id="3374670" name="bccaaaaaa-aaaaaaabccbcc.srs.xml"/>
<Benchmark id="3374671" name="abaaaaaaa-aaaaaaaabaaab.srs.xml"/>
<Benchmark id="3374672" name="bcbaaaaaaa-aaaaaaabcbbcba.srs.xml"/>
<Benchmark id="3374673" name="abbbaaaa-aaaaabbbaabbb.srs.xml"/>
<Benchmark id="3374674" name="abababaababa-ababaababaabab.srs.xml"/>
<Benchmark id="3374675" name="bacaaaaaa-aaaaaaabacbac.srs.xml"/>
<Benchmark id="3374676" name="aabbaaaa-aaaaaabbaabb.srs.xml"/>
<Benchmark id="3374677" name="babababaa-aaabababababa.srs.xml"/>
<Benchmark id="3374678" name="abbcaaaa-aaaaabbcaaabbc.srs.xml"/>
<Benchmark id="3374679" name="bababbababa-abababbababba.srs.xml"/>
<Benchmark id="3374680" name="abbaabbaaba-abaabbaabbaab.srs.xml"/>
<Benchmark id="3374681" name="abbabbbbabb-abbbbabbabbbba.srs.xml"/>
<Benchmark id="3374682" name="abbaaaaaa-aaaaaaabbaaabb.srs.xml"/>
<Benchmark id="3374683" name="abaaba-aabababababaab.srs.xml"/>
<Benchmark id="3374684" name="aabaaaaa-aaaaaaabaaab.srs.xml"/>
<Benchmark id="3374685" name="abacababab-ababababacabac.srs.xml"/>
<Benchmark id="3374686" name="abbaababab-ababababbaabba.srs.xml"/>
<Benchmark id="3374687" name="aabaabbaab-aabbaabaabbaa.srs.xml"/>
<Benchmark id="3374688" name="abaaba-aababababaab.srs.xml"/>
<Benchmark id="3374689" name="aabacaaa-aaaaabacaabac.srs.xml"/>
<Benchmark id="3374690" name="ababaababa-aababababaabab.srs.xml"/>
<Benchmark id="3374691" name="bacaaaaaaa-aaaaaaaabacbac.srs.xml"/>
<Benchmark id="3374692" name="bccaaaaaaa-aaaaaaabccbcca.srs.xml"/>
<Benchmark id="3374693" name="bbcaaaaaa-aaaaaaabbcbbc.srs.xml"/>
<Benchmark id="3374694" name="abaaaaa-aaaaaababaaab.srs.xml"/>
<Benchmark id="3374695" name="bababaa-aaaababababa.srs.xml"/>
<Benchmark id="3374696" name="abaaaaaa-aaaaaaabaaabab.srs.xml"/>
<Benchmark id="3374697" name="babaaaaaa-aaaaaaababbab.srs.xml"/>
<Benchmark id="3374698" name="babbabbaba-ababbabbabba.srs.xml"/>
<Benchmark id="3374699" name="ababaaaa-aaaaababaaabab.srs.xml"/>
<Benchmark id="3374700" name="cababababa-abababababccca.srs.xml"/>
<Benchmark id="3374701" name="abbabbaaaaa-aaaaaabbabbabb.srs.xml"/>
<Benchmark id="3374702" name="abacaaaaa-aaaaaabacaabac.srs.xml"/>
<Benchmark id="3374703" name="aabaaaaa-aaaaaaabaaaab.srs.xml"/>
<Benchmark id="3374704" name="abaaaa-aaaaabaababaab.srs.xml"/>
<Benchmark id="3374705" name="abaaaa-aaaaabaabaab.srs.xml"/>
<Benchmark id="3374706" name="babbaabba-abbaabbabba.srs.xml"/>
<Benchmark id="3374707" name="abbcaabbca-aabbcabbcaabbc.srs.xml"/>
<Benchmark id="3374708" name="abbcaaaaa-aaaaaabbcabbc.srs.xml"/>
<Benchmark id="3374709" name="abccaaaa-aaaaabccaaabcc.srs.xml"/>
<Benchmark id="3374710" name="abaabaaaa-aaaaabaabaab.srs.xml"/>
<Benchmark id="3374711" name="aabbababa-abababaabbaab.srs.xml"/>
<Benchmark id="3374712" name="bacaaaaaa-aaaaaabacbaca.srs.xml"/>
<Benchmark id="3374713" name="abababaababa-abaababaababab.srs.xml"/>
<Benchmark id="3374714" name="bacaaaaaaa-aaaaaaabacbaca.srs.xml"/>
<Benchmark id="3374715" name="bababaa-aaaaaababababa.srs.xml"/>
<Benchmark id="3374716" name="aabbaaaa-aaaaaabbaaabb.srs.xml"/>
<Benchmark id="3374717" name="aaabaaaaa-aaaaaaaabaaaab.srs.xml"/>
<Benchmark id="3374718" name="abaaaaaaaaa-aaaaaaaaaaabab.srs.xml"/>
<Benchmark id="3374719" name="ababaaaaaaa-aaaaaaaababab.srs.xml"/>
<Benchmark id="3374720" name="abcbaaaa-aaaaabcbaabcb.srs.xml"/>
<Benchmark id="3374721" name="bccaaaaaaa-aaaaaaaabccbcc.srs.xml"/>
<Benchmark id="3374722" name="abaaabaa-aaabaaababaaab.srs.xml"/>
<Benchmark id="3374723" name="abababaab-aabaabababab.srs.xml"/>
<Benchmark id="3374724" name="abaaaa-aaaaabaabaabab.srs.xml"/>
<Benchmark id="3374725" name="abaaaa-aaaaabaaabab.srs.xml"/>
<Benchmark id="3374726" name="aaabaaaaa-aaaaaaaabaaab.srs.xml"/>
<Benchmark id="3374727" name="aabaaaaa-aaaaaaabaab.srs.xml"/>
<Benchmark id="3374728" name="babbabbaba-abababbabbabba.srs.xml"/>
<Benchmark id="3374729" name="babaaaaaaa-aaaaaaababbaba.srs.xml"/>
<Benchmark id="3374730" name="aabbaaaabaa-aabaaaabbaaaab.srs.xml"/>
<Benchmark id="3374731" name="abbbaaaa-aaaaabbbaaabbb.srs.xml"/>
<Benchmark id="3374732" name="ababaababa-abaababababaab.srs.xml"/>
<Benchmark id="3374733" name="ababaabaaba-abaabaabaabab.srs.xml"/>
<Benchmark id="3374734" name="abaaaaa-aaaaaabaaaabab.srs.xml"/>
<Benchmark id="3374735" name="abaaaaaaa-aaaaaaaabab.srs.xml"/>
<Benchmark id="3374736" name="abbcacabca-abcacabbcacab.srs.xml"/>
<Benchmark id="3374737" name="abaaaabaa-aaabaabaaaab.srs.xml"/>
<Benchmark id="3374738" name="ababaaaaa-aaaaaababab.srs.xml"/>
<Benchmark id="3374739" name="abaabababa-aababababaab.srs.xml"/>
<Benchmark id="3374740" name="bababababaa-aababababababa.srs.xml"/>
<Benchmark id="3374741" name="aabbbaaaa-aaaaaabbbaabbb.srs.xml"/>
<Benchmark id="3374742" name="abaaaaaaa-aaaaaaaababaab.srs.xml"/>
<Benchmark id="3374743" name="abaababa-aabababaab.srs.xml"/>
<Benchmark id="3374744" name="abbaaaaa-aaaaaabbabb.srs.xml"/>
<Benchmark id="3374745" name="abaabaaaa-aaaaabaababaab.srs.xml"/>
<Benchmark id="3374746" name="abaaba-aabababaab.srs.xml"/>
<Benchmark id="3374747" name="bababaaba-ababaababababa.srs.xml"/>
<Benchmark id="3374748" name="baabaabbaab-aabbaabaabaabb.srs.xml"/>
<Benchmark id="3374749" name="abaaaaa-aaaaaabababab.srs.xml"/>
<Benchmark id="3374750" name="aabaaaa-aaaaaabaab.srs.xml"/>
<Benchmark id="3374751" name="abaaaaa-aaaaaabaaabab.srs.xml"/>
<Benchmark id="3374752" name="abaaaaaaaa-aaaaaaaaaabab.srs.xml"/>
<Benchmark id="3374753" name="ababaabababa-aabababaababab.srs.xml"/>
<Benchmark id="3374754" name="ababaababa-abaabababaabab.srs.xml"/>
<Benchmark id="3374755" name="abaaaa-aaaaabababaab.srs.xml"/>
<Benchmark id="3374756" name="aabaaaa-aaaaaabaabaaab.srs.xml"/>
<Benchmark id="3374757" name="abaaaaaaa-aaaaaaaabaab.srs.xml"/>
<Benchmark id="3374758" name="abbbaaaaa-aaaaaabbbaabbb.srs.xml"/>
<Benchmark id="3374759" name="aabbaaba-aabaabbaab.srs.xml"/>
<Benchmark id="3374760" name="abaaaaaa-aaaaaaabaaaaab.srs.xml"/>
<Benchmark id="3374761" name="abbcaaaa-aaaaabbcaabbc.srs.xml"/>
<Benchmark id="3374762" name="abbaaaaaaa-aaaaaaaabbaabb.srs.xml"/>
<Benchmark id="3374763" name="aabaaabaaba-aaabaabaabaaab.srs.xml"/>
<Benchmark id="3374764" name="ababaaaaa-aaaaaabababab.srs.xml"/>
<Benchmark id="3374765" name="abcbaaaa-aaaaabcbaaabcb.srs.xml"/>
<Benchmark id="3374766" name="aabaababaab-aababaababaaba.srs.xml"/>
<Benchmark id="3374767" name="abaabaaaaa-aaaaaabaabaab.srs.xml"/>
<Benchmark id="3374768" name="abaaaa-aaaaabaabab.srs.xml"/>
<Benchmark id="3374769" name="aabaaaaaaaa-aaaaaaaaaabaab.srs.xml"/>
<Benchmark id="3374770" name="abaaaa-aaaaababaabab.srs.xml"/>
<Benchmark id="3374771" name="abacaabaca-aabacabacaabac.srs.xml"/>
<Benchmark id="3374772" name="aababaaaa-aaaaaababaabab.srs.xml"/>
<Benchmark id="3374773" name="aabaaaaaa-aaaaaaaabaaab.srs.xml"/>
<Benchmark id="3374774" name="abaabababa-aabababababaab.srs.xml"/>
<Benchmark id="3374775" name="abaaaaa-aaaaaabaaaab.srs.xml"/>
<Benchmark id="3374776" name="ababaaaa-aaaaababaabab.srs.xml"/>
<Benchmark id="3374777" name="baabbaaba-aabbaabaabba.srs.xml"/>
<Benchmark id="3374778" name="abaaaaaaaa-aaaaaaaaabaaab.srs.xml"/>
<Benchmark id="3374779" name="aabaaaaaaa-aaaaaaaaabaaab.srs.xml"/>
<Benchmark id="3374780" name="ababbbabbab-abbabbbababbba.srs.xml"/>
<Benchmark id="3374781" name="aabaaaaa-aaaaaaabaabaab.srs.xml"/>
<Benchmark id="3374782" name="abaaabaaaa-aaaaabaaabaaab.srs.xml"/>
<Benchmark id="3374783" name="abbaaaaa-aaaaaabbaaabb.srs.xml"/>
<Benchmark id="3374784" name="abaababa-aabababababaab.srs.xml"/>
<Benchmark id="3374785" name="abbaaaabaa-abaaaabbaaaab.srs.xml"/>
<Benchmark id="3374786" name="baabbaaaabb-aabbaaaabbaabb.srs.xml"/>
<Benchmark id="3374787" name="abbaaaa-aaaaabbabbaabb.srs.xml"/>
<Benchmark id="3374788" name="ababaabababa-abaababababaab.srs.xml"/>
<Benchmark id="3374789" name="abaaaa-aaaaababaabaab.srs.xml"/>
<Benchmark id="3374790" name="abbaaaaa-aaaaaabbaaaabb.srs.xml"/>
<Benchmark id="3374791" name="abaaaaa-aaaaaababaaaab.srs.xml"/>
<Benchmark id="3374792" name="aabaaaa-aaaaaabaaabaab.srs.xml"/>
<Benchmark id="3374793" name="baababaab-ababaabaabab.srs.xml"/>
<Benchmark id="3374794" name="abaabababa-aababababaabab.srs.xml"/>
<Benchmark id="3374795" name="abaaaa-aaaaabaaabaaab.srs.xml"/>
<Benchmark id="3374796" name="ababaaaaa-aaaaaababaabab.srs.xml"/>
<Benchmark id="3374797" name="abbcaaaaa-aaaaaabbcaabbc.srs.xml"/>
<Benchmark id="3374798" name="ababbabab-abbabababba.srs.xml"/>
<Benchmark id="3374799" name="abaaaaa-aaaaaabaabaaab.srs.xml"/>
<Benchmark id="3374800" name="aabaababaab-aababaabaababa.srs.xml"/>
<Benchmark id="3374801" name="babababaa-aaaabababababa.srs.xml"/>
<Benchmark id="3374802" name="bbcaaaaaa-aaaaaabbcbbca.srs.xml"/>
<Benchmark id="3374803" name="aabccaaaa-aaaaaabccaabcc.srs.xml"/>
<Benchmark id="3374804" name="aabbaabababa-aabababaabbaab.srs.xml"/>
<Benchmark id="3374805" name="aaabaaaaaa-aaaaaaaaabaaab.srs.xml"/>
<Benchmark id="3374806" name="abbaaaaaaa-aaaaaaaaabbabb.srs.xml"/>
<Benchmark id="3374807" name="bbcaaaaaaa-aaaaaaabbcbbca.srs.xml"/>
<Benchmark id="3374808" name="bbcaaaaaaa-aaaaaaaabbcbbc.srs.xml"/>
<Benchmark id="3374809" name="bababaaaba-aabaaababababa.srs.xml"/>
<Benchmark id="3374810" name="abaaaaaa-aaaaaaaababab.srs.xml"/>
<Benchmark id="3374811" name="abaaaaabaa-aaabaaabaaaaab.srs.xml"/>
<Benchmark id="3374812" name="abaaaaaaaa-aaaaaaaaaabaab.srs.xml"/>
<Benchmark id="3374813" name="aabbaaaaa-aaaaaaabbaaabb.srs.xml"/>
<Benchmark id="3374814" name="babbabbababa-abababbabbabba.srs.xml"/>
<Benchmark id="3374815" name="abaababa-aababababaabab.srs.xml"/>
<Benchmark id="3374816" name="abababaababa-aababaabababab.srs.xml"/>
<Benchmark id="3374817" name="cabababa-ababababccccca.srs.xml"/>
<Benchmark id="3374818" name="aabcbaaaa-aaaaaabcbaabcb.srs.xml"/>
<Benchmark id="3374819" name="bccaaaaaa-aaaaaabccbcca.srs.xml"/>
<Benchmark id="3374820" name="bababaa-aaaaababababa.srs.xml"/>
<Benchmark id="3374821" name="baabbaaaab-aabbaaaabbaab.srs.xml"/>
<Benchmark id="3374822" name="abababaab-aababaabababab.srs.xml"/>
<Benchmark id="3374823" name="abaaaaaa-aaaaaaabaaab.srs.xml"/>
<Benchmark id="3374824" name="abaaaaaaa-aaaaaaaabaaaab.srs.xml"/>
<Benchmark id="3374825" name="abbaaaaa-aaaaaabbabbabb.srs.xml"/>
<Benchmark id="3374826" name="aabaaaabaa-aaaabaabaaaab.srs.xml"/>
<Benchmark id="3374827" name="abaababaaab-aababaaababaab.srs.xml"/>
<Benchmark id="3374828" name="aabaaaa-aaaaaabaabaab.srs.xml"/>
<Benchmark id="3374829" name="abaababaab-ababaabaababa.srs.xml"/>
<Benchmark id="3374830" name="baabbaab-aabbaabaabaabb.srs.xml"/>
<Benchmark id="3374831" name="baabababba-abababbaababab.srs.xml"/>
<Benchmark id="3374832" name="abcbaabcba-aabcbabcbaabcb.srs.xml"/>
<Benchmark id="3374833" name="abcabbcab-abbcabcabbca.srs.xml"/>
<Benchmark id="3374834" name="abbaaaa-aaaaabbaabbabb.srs.xml"/>
<Benchmark id="3374835" name="abaaaaa-aaaaaabaaabaab.srs.xml"/>
<Benchmark id="3374836" name="caabccaabc-aabccaabcaabcc.srs.xml"/>
<Benchmark id="3374837" name="baaabbaaab-aaabbaaabaaabb.srs.xml"/>
<Benchmark id="3374838" name="ababbabab-abbababababba.srs.xml"/>
<Benchmark id="3374839" name="abababaaab-aaabaaabababab.srs.xml"/>
<Benchmark id="3374840" name="aabbcaaaa-aaaaaabbcaabbc.srs.xml"/>
<Benchmark id="3374841" name="aabbaaaaa-aaaaaaabbaabb.srs.xml"/>
</Space>
</Space>
</Space>
</tns:Spaces>
